N,W,alfa,b_0,porosity,error
1,50.0603645403523,0.640558302659799,0.00192710408892619,0.943684663880576,0.0876820326476043
