N,W,alfa,b_0,porosity,error
1,0.661228410526685,0.0710647020786225,0.000229421479151459,0.521109806209177,0.85384217573135
