N,W,alfa,b_0,d_f,porosity,m_p,error
1,45.5226106244425,0.577651716518172,0.00113187681429979,2.18067767669477,0.973573501663264,730.683155332843,1.46546616746961
